OCTOBER 2024
1. Attended on 2024-10-14 Monday
2. Attended on 2024-10-16 Wednesday
3. Attended on 2024-10-18 Friday
4. Attended on 2024-10-21 Monday
5. Attended on 2024-10-23 Wednesday
6. Attended on 2024-10-25 Friday
TOTAL CLASSES IN OCTOBER 2024: 6

NOVEMBER 2024
1. Attended on 2024-11-06 Wednesday
2. Attended on 2024-11-08 Friday
3. Attended on 2024-11-11 Monday
4. Attended on 2024-11-13 Wednesday
5. Attended on 2024-11-15 Friday
6. Attended on 2024-11-17 Sunday
7. Attended on 2024-11-25 Monday
8. Attended on 2024-11-27 Wednesday
9. Attended on 2024-11-29 Friday
TOTAL CLASSES IN NOVEMBER 2024: 9

DECEMBER 2024
1. Attended on 2024-12-02 Monday
2. Attended on 2024-12-04 Wednesday
3. Attended on 2024-12-05 Thursday
4. Attended on 2024-12-09 Monday
5. Attended on 2024-12-11 Wednesday
6. Attended on 2024-12-13 Friday
7. Attended on 2024-12-16 Monday
8. Attended on 2024-12-18 Wednesday
9. Attended on 2024-12-22 Sunday
10. Attended on 2024-12-27 Friday
11. Attended on 2024-12-30 Monday

TOTAL CLASSES IN DECEMBER 2024: 11

JANUARY 2025
1. Attended on 2025-01-01 Wednesday
2. Attended on 2025-01-03 Friday
3. Attended on 2025-01-06 Monday
4. Attended on 2025-01-08 Wednesday
5. Attended on 2025-01-10 Friday
6. Attended on 2025-01-13 Monday
7. Attended on 2025-01-15 Wednesday
8. Attended on 2025-01-17 Friday
9. Attended on 2025-01-20 Monday
10. Attended on 2025-01-22 Wednesday
11. Attended on 2025-01-24 Friday
12. Attended on 2025-01-27 Monday
13. Attended on 2025-01-29 Wednesday
14. Attended on 2025-01-31 Friday

TOTAL CLASSES IN JANUARY 2025: 14

FEBRUARY 2025
1. Attended on 2025-02-02 Sunday
2. Attended on 2025-02-03 Monday
3. Attended on 2025-02-04 Tuesday
4. Attended on 2025-02-05 Wednesday
5. Attended on 2025-02-06 Thursday
6. Attended on 2025-02-07 Friday
7. Attended on 2025-02-08 Saturday
8. Attended on 2025-02-10 Monday
9. Attended on 2025-02-11 Tuesday
10. Attended on 2025-02-12 Wednesday

TOTAL CLASSES IN FEBRUARY 2025: 10

APRIL 2025
1. Attended on 2025-04-09 Wednesday
2. Attended on 2025-04-10 Thursday
3. Attended on 2025-04-11 Friday
4. Attended on 2025-04-16 Wednesday
5. Attended on 2025-04-17 Thursday
6. Attended on 2025-04-18 Friday
7. Attended on 2025-04-23 Wednesday
8. Attended on 2025-04-24 Thursday
9. Attended on 2025-04-25 Friday
10. Attended on 2025-04-30 Wednesday

TOTAL CLASSES IN APRIL 2025: 10

MAY 2025
1. Attended on 2025-05-01 Thursday
2. Attended on 2025-05-02 Friday
3. Attended on 2025-05-07 Wednesday
4. Attended on 2025-05-08 Thursday
5. Attended on 2025-05-10 Saturday
6. Attended on 2025-05-11 Sunday
7. Attended on 2025-05-12 Monday
8. Attended on 2025-05-14 Wednesday
9. Attended on 2025-05-21 Wednesday
10. Attended on 2025-05-22 Thursday
11. Attended on 2025-05-23 Friday
12. Attended on 2025-05-27 Tuesday
13. Attended on 2025-05-28 Wednesday
14. Attended on 2025-05-30 Friday

TOTAL CLASSES IN MAY 2025: 14

JUNE 2025
1. Attended on 2025-06-04 Wednesday
2. Attended on 2025-06-06 Friday
3. Attended on 2025-06-11 Wednesday
4. Attended on 2025-06-13 Friday
5. Attended on 2025-06-17 Tuesday
6. Attended on 2025-06-18 Wednesday
7. Attended on 2025-06-19 Thursday
8. Attended on 2025-06-24 Tuesday
9. Attended on 2025-06-25 Wednesday
10. Attended on 2025-06-26 Thursday
11. Attended on 2025-06-27 Friday

TOTAL CLASSES IN JUNE 2025: 11

JULY 2025
1. Attended on 2025-07-02 Wednesday
2. Attended on 2025-07-03 Thursday
3. Attended on 2025-07-04 Friday
4. Attended on 2025-07-10 Thursday
5. Attended on 2025-07-11 Friday
6. Attended on 2025-07-12 Saturday
7. Attended on 2025-07-13 Sunday
8. Attended on 2025-07-14 Monday

TOTAL CLASSES IN JULY 2025: 8

AUGUST 2025
1. Attended on 2025-08-06 Wednesday
2. Attended on 2025-08-07 Thursday
3. Attended on 2025-08-08 Friday
4. Attended on 2025-08-12 Tuesday
5. Attended on 2025-08-13 Wednesday
6. Attended on 2025-08-14 Thursday
7. Attended on 2025-08-19 Tuesday
8. Attended on 2025-08-20 Wednesday
9. Attended on 2025-08-21 Thursday
10. Attended on 2025-08-22 Friday
11. Attended on 2025-08-25 Monday

TOTAL CLASSES IN AUGUST 2025: 11

SEPTEMBER 2025
1. Attended on 2025-09-03 Wednesday
2. Attended on 2025-09-05 Friday
3. Attended on 2025-09-10 Wednesday
4. Attended on 2025-09-11 Thursday
5. Attended on 2025-09-12 Friday
6. Attended on 2025-09-18 Thursday
7. Attended on 2025-09-19 Friday
8. Attended on 2025-09-21 Sunday
9. Attended on 2025-09-24 Wednesday
10. Attended on 2025-09-25 Thursday

TOTAL CLASSES IN SEPTEMBER 2025: 10

OCTOBER 2025
1. Attended on 2025-10-03 Friday
2. Attended on 2025-10-04 Saturday
3. Attended on 2025-10-08 Wednesday
4. Attended on 2025-10-09 Thursday
5. Attended on 2025-10-10 Friday
6. Attended on 2025-10-15 Wednesday
7. Attended on 2025-10-16 Thursday
8. Attended on 2025-10-24 Friday
9. Attended on 2025-10-29 Wednesday
10. Attended on 2025-10-30 Thursday
11. Attended on 2025-10-31 Friday

TOTAL CLASSES IN OCTOBER 2025: 11

NOVEMBER 2025
1. Attended on 2025-11-05 Wednesday
2. Attended on 2025-11-06 Thursday
3. Attended on 2025-11-07 Friday
4. Attended on 2025-11-12 Wednesday
5. Attended on 2025-11-13 Thursday
6. Attended on 2025-11-14 Friday
7. Attended on 2025-11-20 Thursday
8. Attended on 2025-11-23 Sunday
9. Attended on 2025-11-28 Friday


TOTAL CLASSES IN NOVEMBER 2025: 9

DECEMBER 2025
1. Attended on 2025-12-02 Tuesday
2. Attended on 2025-12-03 Wednesday
3. Attended on 2025-12-05 Friday
4. Attended on 2025-12-10 Wednesday
5. Attended on 2025-12-11 Thursday
6. Attended on 2025-12-12 Friday
7. Attended on 2025-12-16 Tuesday
8. Attended on 2025-12-18 Thursday
9. Attended on 2025-12-19 Friday
